[Header],,,,,,,
IEMFileVersion,4,,,,,,
Date,11/10/14,,,,,,
Workflow,GenerateFASTQ,,,,,,
Application,NextSeq FASTQ Only,,,,,,
Assay,Custom,,,,,,
Description,,,,,,,
Chemistry,Default,,,,,,
,,,,,,,
[Reads],,,,,,,
76,,,,,,,
76,,,,,,,
,,,,,,,
[Settings],,,,,,,
Adapter,AGATCGGAAGAGCACACGTCTGAACTCCAGTCA,,,,,,
AdapterRead2,AGATCGGAAGAGCGTCGTGTAGGGAAAGAGTGT,,,,,,
,,,,,,,
[Data],,,,,,,
Sample_ID,Sample_Name,index
C28,C28,TCAAGT
C36,C36,CTGATC
C21,C21,AAGCTA
C22,C22,GTAGCC
C23,C23,TACAAG
C24,C24,TCGATG
C25,C25,GGTCTA
C26,C26,TGGATC
C27,C27,TGCTAG
C31,C31,GGTCAT
C30,C30,ACGTAC
C29,C29,GCACAT
C44,C44,ACGTTG
C43,C43,CCTGAA
C37,C37,TGCAAC
C38,C38,TCGAAC
C39,C39,CGAGTT
C40,C40,ACCATG
C41,C41,CACTGA
C42,C42,CGTCAA
